{"algorithm":"broadcastGossip","counters":{"edgeCount":{"rank_0":13132,"rank_1":13132,"rank_10":13132,"rank_11":13132,"rank_12":13132,"rank_13":13132,"rank_14":13132,"rank_15":13124,"rank_2":13132,"rank_3":13132,"rank_4":13132,"rank_5":13132,"rank_6":13132,"rank_7":13132,"rank_8":13132,"rank_9":13132,"total":210104},"generationTime":{"mean":0.3537921726875,"rank_0":0.289458794,"rank_1":0.332594827,"rank_10":0.39933745,"rank_11":0.312808225,"rank_12":0.399092971,"rank_13":0.391502167,"rank_14":0.3406384,"rank_15":0.364606648,"rank_2":0.321927974,"rank_3":0.38171261,"rank_4":0.388337208,"rank_5":0.305209431,"rank_6":0.354942101,"rank_7":0.361857888,"rank_8":0.356776415,"rank_9":0.359871654},"simulationTime":{"broadcastGossip":{"algorithm":"BroadcastGossip","mean":1.1824271932526857,"rank_0":1.034455054,"rank_1":1.034453974,"rank_10":1.034468774,"rank_11":1.034471084,"rank_12":1.034468164,"rank_13":1.034469064,"rank_14":1.034461474,"rank_15":1.034471334,"rank_2":1.034455414,"rank_3":1.034454914,"rank_4":1.034453564,"rank_5":1.034454174,"rank_6":1.034453744,"rank_7":1.034457914,"rank_8":1.034442924,"rank_9":1.034464974},"randomizedPushGossip":{"algorithm":"RandomizedPushGossip","mean":3.401933602042969,"rank_0":3.605146718,"rank_1":3.605147298,"rank_10":3.605145858,"rank_11":3.605135578,"rank_12":3.605140258,"rank_13":3.605133928,"rank_14":3.605147478,"rank_15":3.605139938,"rank_2":3.605139638,"rank_3":3.605146538,"rank_4":3.605145308,"rank_5":3.605147138,"rank_6":3.605146608,"rank_7":3.605148918,"rank_8":3.605147798,"rank_9":3.605133178}}},"finishTime":"11:10:08","model":"knodel","nodes":16,"percentage":"15.000000","startTime":"11:10:03","totalVertexCount":"30000","verticesPerRank":1875}
