{"algorithm":"broadcastGossip","counters":{"edgeCount":{"rank_0":46875,"rank_1":46875,"rank_2":46875,"rank_3":46875,"rank_4":46875,"rank_5":46875,"rank_6":46875,"rank_7":46875,"total":375000},"generationTime":{"mean":0.968045559,"rank_0":0.878171484,"rank_1":0.961239845,"rank_2":0.948747306,"rank_3":0.977249944,"rank_4":1.006666297,"rank_5":1.034462551,"rank_6":1.036908075,"rank_7":0.90091897},"simulationTime":{"broadcastGossip":{"algorithm":"BroadcastGossip","mean":7.579612349625,"rank_0":6.635140861,"rank_1":6.635129071,"rank_2":6.635105371,"rank_3":6.635115531,"rank_4":6.635140931,"rank_5":6.635146321,"rank_6":6.635135611,"rank_7":6.635134891},"randomizedPushGossip":{"algorithm":"RandomizedPushGossip","mean":14.190991069999999,"rank_0":16.079980273,"rank_1":16.079969773,"rank_2":16.079976613,"rank_3":16.079978193,"rank_4":16.079981273,"rank_5":16.079974413,"rank_6":16.079975123,"rank_7":16.080027613}}},"finishTime":"11:36:53","model":"knodel","nodes":8,"percentage":"25.000000","startTime":"11:36:29","totalVertexCount":"50000","verticesPerRank":6250}
