{"algorithm":"broadcastGossip","counters":{"edgeCount":{"rank_0":4069,"rank_1":4069,"rank_10":4069,"rank_11":4069,"rank_12":4069,"rank_13":4069,"rank_14":4069,"rank_15":4061,"rank_2":4069,"rank_3":4069,"rank_4":4069,"rank_5":4069,"rank_6":4069,"rank_7":4069,"rank_8":4069,"rank_9":4069,"total":65096},"generationTime":{"mean":0.113345455875,"rank_0":0.110777891,"rank_1":0.112005217,"rank_10":0.097150614,"rank_11":0.123457565,"rank_12":0.118264948,"rank_13":0.104782341,"rank_14":0.097952818,"rank_15":0.117783456,"rank_2":0.121060103,"rank_3":0.102742001,"rank_4":0.112873671,"rank_5":0.118391149,"rank_6":0.119169003,"rank_7":0.10644514,"rank_8":0.125026802,"rank_9":0.125644575},"simulationTime":{"broadcastGossip":{"algorithm":"BroadcastGossip","mean":0.1942673980698242,"rank_0":0.176693228,"rank_1":0.176709578,"rank_10":0.176699618,"rank_11":0.176693418,"rank_12":0.176699168,"rank_13":0.176699218,"rank_14":0.176698928,"rank_15":0.176693988,"rank_2":0.176708218,"rank_3":0.176706848,"rank_4":0.176700598,"rank_5":0.176701218,"rank_6":0.176701298,"rank_7":0.176692328,"rank_8":0.176692118,"rank_9":0.176694388},"randomizedPushGossip":{"algorithm":"RandomizedPushGossip","mean":0.45778743911718744,"rank_0":0.48076096,"rank_1":0.48074948,"rank_10":0.48074984,"rank_11":0.48075011,"rank_12":0.48074993,"rank_13":0.48074988,"rank_14":0.48074953,"rank_15":0.48074939,"rank_2":0.4807504,"rank_3":0.48074982,"rank_4":0.48074967,"rank_5":0.48074938,"rank_6":0.48074903,"rank_7":0.48075802,"rank_8":0.48074986,"rank_9":0.48074923}}},"finishTime":"23:33:49","model":"knodel","nodes":16,"percentage":"5.000000","startTime":"23:33:48","totalVertexCount":"10000","verticesPerRank":625}
