{"algorithm":"broadcastGossip","counters":{"edgeCount":{"rank_0":887271,"rank_1":878632,"rank_10":1050515,"rank_11":920863,"rank_12":1089541,"rank_13":1014473,"rank_14":952326,"rank_15":1112985,"rank_2":865853,"rank_3":889491,"rank_4":929455,"rank_5":884316,"rank_6":1045470,"rank_7":1134293,"rank_8":987466,"rank_9":994339,"total":15637289},"generationTime":{"mean":322.887158008875,"rank_0":322.887156697,"rank_1":322.887158817,"rank_10":322.887155887,"rank_11":322.887155037,"rank_12":322.887159907,"rank_13":322.887159497,"rank_14":322.887158737,"rank_15":322.887155467,"rank_2":322.887160217,"rank_3":322.887156307,"rank_4":322.887159037,"rank_5":322.887158847,"rank_6":322.887156897,"rank_7":322.887159407,"rank_8":322.887158247,"rank_9":322.887159137},"simulationTime":{"broadcastGossip":{"algorithm":"BroadcastGossip","mean":27.700209711597164,"rank_0":28.171394892,"rank_1":28.171394772,"rank_10":28.171394192,"rank_11":28.171394412,"rank_12":28.171394852,"rank_13":28.171394012,"rank_14":28.171394382,"rank_15":28.171392752,"rank_2":28.171394722,"rank_3":28.171394582,"rank_4":28.171393762,"rank_5":28.171394292,"rank_6":28.171394482,"rank_7":28.171394492,"rank_8":28.171394462,"rank_9":28.171394612},"randomizedPushGossip":{"algorithm":"RandomizedPushGossip","mean":20.63244060555469,"rank_0":0.482126396,"rank_1":0.482126096,"rank_10":0.482125746,"rank_11":0.482125946,"rank_12":0.482126246,"rank_13":0.482126186,"rank_14":0.482126346,"rank_15":0.482126046,"rank_2":0.482126486,"rank_3":0.482125626,"rank_4":0.482126346,"rank_5":0.482126086,"rank_6":0.482126126,"rank_7":0.482126096,"rank_8":0.482126076,"rank_9":0.482126226}}},"finishTime":"18:02:20","model":"uniform","nodes":16,"percentage":"5.000000","startTime":"17:56:29","totalVertexCount":"10000","verticesPerRank":625}
