{"algorithm":"broadcastGossip","counters":{"edgeCount":{"rank_0":93750,"rank_1":93750,"rank_2":93750,"rank_3":93750,"total":375000},"generationTime":{"mean":1.83753338575,"rank_0":1.766884005,"rank_1":1.838296358,"rank_2":1.919429213,"rank_3":1.825523967},"simulationTime":{"broadcastGossip":{"algorithm":"BroadcastGossip","mean":28.551398242609373,"rank_0":27.622671603,"rank_1":27.622690513,"rank_2":27.622685613,"rank_3":27.622686393},"randomizedPushGossip":{"algorithm":"RandomizedPushGossip","mean":31.3375304514375,"rank_0":41.17086756,"rank_1":41.17085942,"rank_2":41.17086622,"rank_3":41.17086278}}},"finishTime":"11:36:29","model":"knodel","nodes":4,"percentage":"25.000000","startTime":"11:35:18","totalVertexCount":"50000","verticesPerRank":12500}
