{"algorithm":"broadcastGossip","counters":{"edgeCount":{"rank_0":8125,"rank_1":8125,"rank_2":8125,"rank_3":8125,"rank_4":8125,"rank_5":8125,"rank_6":8125,"rank_7":8125,"total":65000},"generationTime":{"mean":0.168693933125,"rank_0":0.15088492,"rank_1":0.163130289,"rank_2":0.157398932,"rank_3":0.174202504,"rank_4":0.171751292,"rank_5":0.183479239,"rank_6":0.184456164,"rank_7":0.164248125},"simulationTime":{"broadcastGossip":{"algorithm":"BroadcastGossip","mean":0.3659488285800781,"rank_0":0.320761323,"rank_1":0.320763543,"rank_2":0.320760803,"rank_3":0.320762063,"rank_4":0.320764243,"rank_5":0.320764683,"rank_6":0.320764593,"rank_7":0.320764623},"randomizedPushGossip":{"algorithm":"RandomizedPushGossip","mean":0.6822460776406251,"rank_0":0.755617024,"rank_1":0.755611224,"rank_2":0.755611344,"rank_3":0.755611124,"rank_4":0.755613164,"rank_5":0.755607324,"rank_6":0.755617314,"rank_7":0.755603194}}},"finishTime":"23:35:50","model":"knodel","nodes":8,"percentage":"20.000000","startTime":"23:35:49","totalVertexCount":"10000","verticesPerRank":1250}
