{"algorithm":"broadcastGossip","counters":{"edgeCount":{"rank_0":1742563,"rank_1":1750640,"rank_2":1732353,"rank_3":1776519,"rank_4":1895580,"rank_5":1997406,"rank_6":2057067,"rank_7":2074575,"total":15026703},"generationTime":{"mean":267.24593882424995,"rank_0":267.245936513,"rank_1":267.245941323,"rank_2":267.245937953,"rank_3":267.245935713,"rank_4":267.245941023,"rank_5":267.245941183,"rank_6":267.245935793,"rank_7":267.245941093},"simulationTime":{"broadcastGossip":{"algorithm":"BroadcastGossip","mean":43.67747853173828,"rank_0":45.065356132,"rank_1":45.065356442,"rank_2":45.065356332,"rank_3":45.065356442,"rank_4":45.065355832,"rank_5":45.065355832,"rank_6":45.065356262,"rank_7":45.065355742},"randomizedPushGossip":{"algorithm":"RandomizedPushGossip","mean":33.962335369906235,"rank_0":0.636046355,"rank_1":0.636105745,"rank_2":0.636107075,"rank_3":0.636106875,"rank_4":0.636105995,"rank_5":0.636105715,"rank_6":0.636106935,"rank_7":0.636105795}}},"finishTime":"18:26:26","model":"uniform","nodes":8,"percentage":"10.000000","startTime":"18:21:13","totalVertexCount":"10000","verticesPerRank":1250}
