{"algorithm":"broadcastGossip","counters":{"edgeCount":{"rank_0":8125,"rank_1":8125,"rank_2":8125,"rank_3":8125,"rank_4":8125,"rank_5":8125,"rank_6":8125,"rank_7":8125,"total":65000},"generationTime":{"mean":0.20011460162499997,"rank_0":0.174700417,"rank_1":0.185621568,"rank_2":0.205565661,"rank_3":0.159665372,"rank_4":0.239476973,"rank_5":0.194252897,"rank_6":0.233095967,"rank_7":0.208537958},"simulationTime":{"broadcastGossip":{"algorithm":"BroadcastGossip","mean":0.45968592819726567,"rank_0":0.345392732,"rank_1":0.345393172,"rank_2":0.345393132,"rank_3":0.345395012,"rank_4":0.345394492,"rank_5":0.345396412,"rank_6":0.345396672,"rank_7":0.345392882},"randomizedPushGossip":{"algorithm":"RandomizedPushGossip","mean":1.259725651578125,"rank_0":1.411095663,"rank_1":1.411099633,"rank_2":1.411096203,"rank_3":1.411099423,"rank_4":1.411100713,"rank_5":1.411099023,"rank_6":1.411100423,"rank_7":1.411095193}}},"finishTime":"11:38:49","model":"knodel","nodes":8,"percentage":"5.000000","startTime":"11:38:47","totalVertexCount":"10000","verticesPerRank":1250}
