{"algorithm":"broadcastGossip","counters":{"edgeCount":{"rank_0":16250,"rank_1":16250,"rank_2":16250,"rank_3":16250,"total":65000},"generationTime":{"mean":0.321709075,"rank_0":0.301715524,"rank_1":0.333520441,"rank_2":0.341227649,"rank_3":0.310372686},"simulationTime":{"broadcastGossip":{"algorithm":"BroadcastGossip","mean":1.2407664096874997,"rank_0":0.971878048,"rank_1":0.971874748,"rank_2":0.971879648,"rank_3":0.971879698},"randomizedPushGossip":{"algorithm":"RandomizedPushGossip","mean":2.0474315447499998,"rank_0":2.622672868,"rank_1":2.622669358,"rank_2":2.622673038,"rank_3":2.622674708}}},"finishTime":"23:34:27","model":"knodel","nodes":4,"percentage":"10.000000","startTime":"23:34:23","totalVertexCount":"10000","verticesPerRank":2500}
