{"algorithm":"broadcastGossip","counters":{"edgeCount":{"rank_0":8125,"rank_1":8125,"rank_2":8125,"rank_3":8125,"rank_4":8125,"rank_5":8125,"rank_6":8125,"rank_7":8125,"total":65000},"generationTime":{"mean":0.1646869785,"rank_0":0.152333447,"rank_1":0.167150401,"rank_2":0.155690254,"rank_3":0.166658318,"rank_4":0.17107088,"rank_5":0.171390612,"rank_6":0.17502292,"rank_7":0.158178996},"simulationTime":{"broadcastGossip":{"algorithm":"BroadcastGossip","mean":0.3949558358515626,"rank_0":0.324175482,"rank_1":0.324175902,"rank_2":0.324173062,"rank_3":0.324177042,"rank_4":0.324177522,"rank_5":0.324179652,"rank_6":0.324178422,"rank_7":0.324177122},"randomizedPushGossip":{"algorithm":"RandomizedPushGossip","mean":0.8904079628125,"rank_0":0.994085642,"rank_1":0.994083802,"rank_2":0.994083552,"rank_3":0.994088142,"rank_4":0.994076062,"rank_5":0.994084112,"rank_6":0.994081672,"rank_7":0.994079382}}},"finishTime":"23:33:48","model":"knodel","nodes":8,"percentage":"5.000000","startTime":"23:33:47","totalVertexCount":"10000","verticesPerRank":1250}
