{"algorithm":"broadcastGossip","counters":{"edgeCount":{"rank_0":2675467,"rank_1":2667894,"rank_2":2685075,"rank_3":2898677,"rank_4":3306291,"rank_5":3500597,"rank_6":3858053,"rank_7":3642811,"total":25234865},"generationTime":{"mean":792.4586763537501,"rank_0":792.458677485,"rank_1":792.458677595,"rank_2":792.458678595,"rank_3":792.458672645,"rank_4":792.458678015,"rank_5":792.458677175,"rank_6":792.458676735,"rank_7":792.458672585},"simulationTime":{"broadcastGossip":{"algorithm":"BroadcastGossip","mean":75.93166587769923,"rank_0":72.548368236,"rank_1":72.548367966,"rank_2":72.548367916,"rank_3":72.548368376,"rank_4":72.548368306,"rank_5":72.548368376,"rank_6":72.548368436,"rank_7":72.548367606},"randomizedPushGossip":{"algorithm":"RandomizedPushGossip","mean":99.61475003959377,"rank_0":0.637046109,"rank_1":0.637045909,"rank_2":0.637045839,"rank_3":0.637046549,"rank_4":0.637046589,"rank_5":0.637046549,"rank_6":0.637045859,"rank_7":0.637046669}}},"finishTime":"20:45:20","model":"uniform","nodes":8,"percentage":"20.000000","startTime":"20:30:54","totalVertexCount":"10000","verticesPerRank":1250}
