{"algorithm":"broadcastGossip","counters":{"edgeCount":{"rank_0":8125,"rank_1":8125,"rank_2":8125,"rank_3":8125,"rank_4":8125,"rank_5":8125,"rank_6":8125,"rank_7":8125,"total":65000},"generationTime":{"mean":0.167770117125,"rank_0":0.152056279,"rank_1":0.168074947,"rank_2":0.160990553,"rank_3":0.17680518,"rank_4":0.171226233,"rank_5":0.179195182,"rank_6":0.174974251,"rank_7":0.158838312},"simulationTime":{"broadcastGossip":{"algorithm":"BroadcastGossip","mean":0.3820103752988281,"rank_0":0.321570403,"rank_1":0.321574193,"rank_2":0.321566823,"rank_3":0.321567253,"rank_4":0.321568643,"rank_5":0.321573993,"rank_6":0.321575433,"rank_7":0.321572603},"randomizedPushGossip":{"algorithm":"RandomizedPushGossip","mean":0.8050840613906249,"rank_0":0.896129502,"rank_1":0.896129192,"rank_2":0.896129212,"rank_3":0.896129312,"rank_4":0.896130992,"rank_5":0.896130802,"rank_6":0.896123732,"rank_7":0.896129132}}},"finishTime":"23:35:10","model":"knodel","nodes":8,"percentage":"15.000000","startTime":"23:35:08","totalVertexCount":"10000","verticesPerRank":1250}
