{"algorithm":"broadcastGossip","counters":{"edgeCount":{"rank_0":23445,"rank_1":23445,"rank_10":23445,"rank_11":23445,"rank_12":23445,"rank_13":23445,"rank_14":23445,"rank_15":23437,"rank_2":23445,"rank_3":23445,"rank_4":23445,"rank_5":23445,"rank_6":23445,"rank_7":23445,"rank_8":23445,"rank_9":23445,"total":375112},"generationTime":{"mean":0.6205174793124999,"rank_0":0.533515841,"rank_1":0.59080169,"rank_10":0.671401879,"rank_11":0.688212592,"rank_12":0.595900329,"rank_13":0.534355906,"rank_14":0.576039058,"rank_15":0.556170337,"rank_2":0.628145118,"rank_3":0.608556259,"rank_4":0.698833662,"rank_5":0.684341111,"rank_6":0.661381933,"rank_7":0.714120847,"rank_8":0.614018889,"rank_9":0.572484218},"simulationTime":{"broadcastGossip":{"algorithm":"BroadcastGossip","mean":3.3046608103098145,"rank_0":2.841965345,"rank_1":2.841945735,"rank_10":2.841962905,"rank_11":2.841944035,"rank_12":2.841967225,"rank_13":2.841967085,"rank_14":2.841973275,"rank_15":2.841945765,"rank_2":2.841947595,"rank_3":2.841980125,"rank_4":2.841972625,"rank_5":2.841957005,"rank_6":2.841949475,"rank_7":2.841960535,"rank_8":2.841961685,"rank_9":2.841968815},"randomizedPushGossip":{"algorithm":"RandomizedPushGossip","mean":10.245169079957032,"rank_0":10.886819138,"rank_1":10.886817578,"rank_10":10.886809358,"rank_11":10.886808628,"rank_12":10.886816748,"rank_13":10.886816868,"rank_14":10.886815828,"rank_15":10.886816438,"rank_2":10.886813318,"rank_3":10.886801238,"rank_4":10.886809938,"rank_5":10.886812178,"rank_6":10.886805138,"rank_7":10.886814038,"rank_8":10.886817528,"rank_9":10.886812978}}},"finishTime":"11:37:07","model":"knodel","nodes":16,"percentage":"25.000000","startTime":"11:36:53","totalVertexCount":"50000","verticesPerRank":3125}
