{"algorithm":"broadcastGossip","counters":{"edgeCount":{"rank_0":52500,"rank_1":52500,"rank_2":52500,"rank_3":52500,"total":210000},"generationTime":{"mean":1.031950324,"rank_0":0.988100917,"rank_1":1.034373979,"rank_2":1.083948358,"rank_3":1.021378042},"simulationTime":{"broadcastGossip":{"algorithm":"BroadcastGossip","mean":10.3687374784375,"rank_0":9.727507501,"rank_1":9.727505581,"rank_2":9.7275603,"rank_3":9.727526081},"randomizedPushGossip":{"algorithm":"RandomizedPushGossip","mean":12.29235795175,"rank_0":16.045832331,"rank_1":16.045820061,"rank_2":16.045828641,"rank_3":16.045832781}}},"finishTime":"11:09:55","model":"knodel","nodes":4,"percentage":"15.000000","startTime":"11:09:28","totalVertexCount":"30000","verticesPerRank":7500}
