{"algorithm":"broadcastGossip","counters":{"edgeCount":{"rank_0":4069,"rank_1":4069,"rank_10":4069,"rank_11":4069,"rank_12":4069,"rank_13":4069,"rank_14":4069,"rank_15":4061,"rank_2":4069,"rank_3":4069,"rank_4":4069,"rank_5":4069,"rank_6":4069,"rank_7":4069,"rank_8":4069,"rank_9":4069,"total":65096},"generationTime":{"mean":0.11338089225000002,"rank_0":0.107749968,"rank_1":0.117688807,"rank_10":0.120711781,"rank_11":0.122707241,"rank_12":0.121914327,"rank_13":0.096436322,"rank_14":0.119515216,"rank_15":0.092531893,"rank_2":0.112807532,"rank_3":0.117476595,"rank_4":0.11829348,"rank_5":0.118218919,"rank_6":0.099766879,"rank_7":0.120032838,"rank_8":0.125078633,"rank_9":0.103163845},"simulationTime":{"broadcastGossip":{"algorithm":"BroadcastGossip","mean":0.24020479924707028,"rank_0":0.215131094,"rank_1":0.215139604,"rank_10":0.215130384,"rank_11":0.215130264,"rank_12":0.215131264,"rank_13":0.215141514,"rank_14":0.215131944,"rank_15":0.215141644,"rank_2":0.215131014,"rank_3":0.215137304,"rank_4":0.215140474,"rank_5":0.215140454,"rank_6":0.215146884,"rank_7":0.215129724,"rank_8":0.215130924,"rank_9":0.215141494},"randomizedPushGossip":{"algorithm":"RandomizedPushGossip","mean":0.616231897953125,"rank_0":0.649762285,"rank_1":0.649764535,"rank_10":0.649750995,"rank_11":0.649751185,"rank_12":0.649751435,"rank_13":0.649752855,"rank_14":0.649751125,"rank_15":0.649752525,"rank_2":0.649761325,"rank_3":0.649751255,"rank_4":0.649761855,"rank_5":0.649761195,"rank_6":0.649752785,"rank_7":0.649762665,"rank_8":0.649750775,"rank_9":0.649752965}}},"finishTime":"23:35:51","model":"knodel","nodes":16,"percentage":"20.000000","startTime":"23:35:50","totalVertexCount":"10000","verticesPerRank":625}
