{"algorithm":"broadcastGossip","counters":{"edgeCount":{"rank_0":8750,"rank_1":8750,"rank_10":8750,"rank_11":8750,"rank_12":8750,"rank_13":8750,"rank_14":8750,"rank_15":8750,"rank_2":8750,"rank_3":8750,"rank_4":8750,"rank_5":8750,"rank_6":8750,"rank_7":8750,"rank_8":8750,"rank_9":8750,"total":140000},"generationTime":{"mean":0.23831213337499998,"rank_0":0.198904961,"rank_1":0.249932919,"rank_10":0.208841237,"rank_11":0.267382962,"rank_12":0.263741034,"rank_13":0.217922296,"rank_14":0.255469062,"rank_15":0.191025442,"rank_2":0.251944824,"rank_3":0.258077881,"rank_4":0.207232605,"rank_5":0.24611893,"rank_6":0.235265278,"rank_7":0.228449156,"rank_8":0.267465652,"rank_9":0.265219895},"simulationTime":{"broadcastGossip":{"algorithm":"BroadcastGossip","mean":0.5993399814389649,"rank_0":0.506147326,"rank_1":0.506147296,"rank_10":0.506155096,"rank_11":0.506153366,"rank_12":0.506152916,"rank_13":0.506153196,"rank_14":0.506152886,"rank_15":0.506155136,"rank_2":0.506140506,"rank_3":0.506150546,"rank_4":0.506140916,"rank_5":0.506146676,"rank_6":0.506140686,"rank_7":0.506150916,"rank_8":0.506149136,"rank_9":0.506151796},"randomizedPushGossip":{"algorithm":"RandomizedPushGossip","mean":1.9971986330234373,"rank_0":2.114441159,"rank_1":2.114460489,"rank_10":2.114449729,"rank_11":2.114454639,"rank_12":2.114460239,"rank_13":2.114459529,"rank_14":2.114453019,"rank_15":2.114464049,"rank_2":2.114458379,"rank_3":2.114457859,"rank_4":2.114460789,"rank_5":2.114462299,"rank_6":2.114448359,"rank_7":2.114458989,"rank_8":2.114458109,"rank_9":2.114459519}}},"finishTime":"11:04:19","model":"knodel","nodes":16,"percentage":"10.000000","startTime":"11:04:16","totalVertexCount":"20000","verticesPerRank":1250}
