{"algorithm":"broadcastGossip","counters":{"edgeCount":{"rank_0":16250,"rank_1":16250,"rank_2":16250,"rank_3":16250,"total":65000},"generationTime":{"mean":0.31394223825,"rank_0":0.295156517,"rank_1":0.315231111,"rank_2":0.331293111,"rank_3":0.314088214},"simulationTime":{"broadcastGossip":{"algorithm":"BroadcastGossip","mean":1.215167501765625,"rank_0":1.083951104,"rank_1":1.083952464,"rank_2":1.083959064,"rank_3":1.083963164},"randomizedPushGossip":{"algorithm":"RandomizedPushGossip","mean":1.6087953150624998,"rank_0":2.040410394,"rank_1":2.040411214,"rank_2":2.040415514,"rank_3":2.040412294}}},"finishTime":"11:38:47","model":"knodel","nodes":4,"percentage":"5.000000","startTime":"11:38:44","totalVertexCount":"10000","verticesPerRank":2500}
