{"algorithm":"broadcastGossip","counters":{"edgeCount":{"rank_0":8125,"rank_1":8125,"rank_2":8125,"rank_3":8125,"rank_4":8125,"rank_5":8125,"rank_6":8125,"rank_7":8125,"total":65000},"generationTime":{"mean":0.1709000965,"rank_0":0.153224978,"rank_1":0.169474638,"rank_2":0.15567602,"rank_3":0.176721244,"rank_4":0.183800849,"rank_5":0.174282752,"rank_6":0.178798284,"rank_7":0.175222007},"simulationTime":{"broadcastGossip":{"algorithm":"BroadcastGossip","mean":0.3881745683203125,"rank_0":0.318715607,"rank_1":0.318715237,"rank_2":0.318723037,"rank_3":0.318727167,"rank_4":0.318716977,"rank_5":0.318717787,"rank_6":0.318724587,"rank_7":0.318727997},"randomizedPushGossip":{"algorithm":"RandomizedPushGossip","mean":0.8743437575624999,"rank_0":0.974838892,"rank_1":0.974836342,"rank_2":0.974838672,"rank_3":0.974836962,"rank_4":0.974829522,"rank_5":0.974833812,"rank_6":0.974837162,"rank_7":0.974837492}}},"finishTime":"23:34:28","model":"knodel","nodes":8,"percentage":"10.000000","startTime":"23:34:27","totalVertexCount":"10000","verticesPerRank":1250}
