{"algorithm":"broadcastGossip","counters":{"edgeCount":{"rank_0":37500,"rank_1":37500,"rank_2":37500,"rank_3":37500,"rank_4":37500,"rank_5":37500,"rank_6":37500,"rank_7":37500,"total":300000},"generationTime":{"mean":0.764771929875,"rank_0":0.71603465,"rank_1":0.770100158,"rank_2":0.728529449,"rank_3":0.773726869,"rank_4":0.779014525,"rank_5":0.803764332,"rank_6":0.804703775,"rank_7":0.742301681},"simulationTime":{"broadcastGossip":{"algorithm":"BroadcastGossip","mean":4.545264046216797,"rank_0":4.211238848,"rank_1":4.211207858,"rank_2":4.211210768,"rank_3":4.211226808,"rank_4":4.211239788,"rank_5":4.211236068,"rank_6":4.211239458,"rank_7":4.211210638},"randomizedPushGossip":{"algorithm":"RandomizedPushGossip","mean":6.883540983734376,"rank_0":7.75764456,"rank_1":7.75764775,"rank_2":7.75765991,"rank_3":7.75764855,"rank_4":7.75765208,"rank_5":7.75765013,"rank_6":7.7576523,"rank_7":7.75764522}}},"finishTime":"11:20:22","model":"knodel","nodes":8,"percentage":"20.000000","startTime":"11:20:09","totalVertexCount":"40000","verticesPerRank":5000}
