{"algorithm":"broadcastGossip","counters":{"edgeCount":{"rank_0":35000,"rank_1":35000,"rank_2":35000,"rank_3":35000,"total":140000},"generationTime":{"mean":0.6678946874999999,"rank_0":0.639946743,"rank_1":0.672266278,"rank_2":0.703716547,"rank_3":0.655649182},"simulationTime":{"broadcastGossip":{"algorithm":"BroadcastGossip","mean":4.051410514468749,"rank_0":3.881480748,"rank_1":3.881481688,"rank_2":3.881490468,"rank_3":3.881490418},"randomizedPushGossip":{"algorithm":"RandomizedPushGossip","mean":4.561179483875,"rank_0":5.858941756,"rank_1":5.858941276,"rank_2":5.858937376,"rank_3":5.858944596}}},"finishTime":"11:04:11","model":"knodel","nodes":4,"percentage":"10.000000","startTime":"11:04:01","totalVertexCount":"20000","verticesPerRank":5000}
