{"algorithm":"broadcastGossip","counters":{"edgeCount":{"rank_0":18750,"rank_1":18750,"rank_10":18750,"rank_11":18750,"rank_12":18750,"rank_13":18750,"rank_14":18750,"rank_15":18750,"rank_2":18750,"rank_3":18750,"rank_4":18750,"rank_5":18750,"rank_6":18750,"rank_7":18750,"rank_8":18750,"rank_9":18750,"total":300000},"generationTime":{"mean":0.505696352125,"rank_0":0.508367693,"rank_1":0.50441712,"rank_10":0.550487546,"rank_11":0.563753588,"rank_12":0.404408123,"rank_13":0.486390622,"rank_14":0.507724271,"rank_15":0.539288811,"rank_2":0.437148927,"rank_3":0.537967806,"rank_4":0.543930045,"rank_5":0.432699482,"rank_6":0.46344066,"rank_7":0.55182837,"rank_8":0.553363225,"rank_9":0.505925345},"simulationTime":{"broadcastGossip":{"algorithm":"BroadcastGossip","mean":1.7386333357973631,"rank_0":1.693114885,"rank_1":1.693126575,"rank_10":1.693112825,"rank_11":1.693112485,"rank_12":1.693135226,"rank_13":1.693124165,"rank_14":1.693131725,"rank_15":1.693113845,"rank_2":1.693133325,"rank_3":1.693127015,"rank_4":1.693118285,"rank_5":1.693112625,"rank_6":1.693111085,"rank_7":1.693132035,"rank_8":1.693134716,"rank_9":1.693113535},"randomizedPushGossip":{"algorithm":"RandomizedPushGossip","mean":2.421293905757813,"rank_0":2.549004366,"rank_1":2.548991986,"rank_10":2.548994186,"rank_11":2.549002176,"rank_12":2.549004616,"rank_13":2.549003176,"rank_14":2.549005576,"rank_15":2.548992386,"rank_2":2.549003186,"rank_3":2.549004846,"rank_4":2.548998776,"rank_5":2.549001546,"rank_6":2.549004966,"rank_7":2.548995846,"rank_8":2.548999336,"rank_9":2.549003536}}},"finishTime":"11:20:27","model":"knodel","nodes":16,"percentage":"20.000000","startTime":"11:20:22","totalVertexCount":"40000","verticesPerRank":2500}
