{"algorithm":"broadcastGossip","counters":{"edgeCount":{"rank_0":4069,"rank_1":4069,"rank_10":4069,"rank_11":4069,"rank_12":4069,"rank_13":4069,"rank_14":4069,"rank_15":4061,"rank_2":4069,"rank_3":4069,"rank_4":4069,"rank_5":4069,"rank_6":4069,"rank_7":4069,"rank_8":4069,"rank_9":4069,"total":65096},"generationTime":{"mean":0.11285783293749999,"rank_0":0.112044303,"rank_1":0.110689595,"rank_10":0.124989876,"rank_11":0.104070638,"rank_12":0.102842431,"rank_13":0.124976466,"rank_14":0.124957606,"rank_15":0.112785067,"rank_2":0.10104902,"rank_3":0.116815609,"rank_4":0.120049198,"rank_5":0.095882802,"rank_6":0.115875544,"rank_7":0.112096613,"rank_8":0.122965014,"rank_9":0.103635545},"simulationTime":{"broadcastGossip":{"algorithm":"BroadcastGossip","mean":0.24241351590991211,"rank_0":0.216247232,"rank_1":0.216251902,"rank_10":0.216247522,"rank_11":0.216249262,"rank_12":0.216251242,"rank_13":0.216247672,"rank_14":0.216247272,"rank_15":0.216252892,"rank_2":0.216260712,"rank_3":0.216255312,"rank_4":0.216246832,"rank_5":0.216252172,"rank_6":0.216246822,"rank_7":0.216255252,"rank_8":0.216258342,"rank_9":0.216252872},"randomizedPushGossip":{"algorithm":"RandomizedPushGossip","mean":0.6348401745585938,"rank_0":0.669647524,"rank_1":0.669645754,"rank_10":0.669635314,"rank_11":0.669636084,"rank_12":0.669636724,"rank_13":0.669635944,"rank_14":0.669635984,"rank_15":0.669636514,"rank_2":0.669636964,"rank_3":0.669635844,"rank_4":0.669647764,"rank_5":0.669647434,"rank_6":0.669646234,"rank_7":0.669635784,"rank_8":0.669636084,"rank_9":0.669636534}}},"finishTime":"11:38:50","model":"knodel","nodes":16,"percentage":"5.000000","startTime":"11:38:49","totalVertexCount":"10000","verticesPerRank":625}
