{"algorithm":"broadcastGossip","counters":{"edgeCount":{"rank_0":26250,"rank_1":26250,"rank_2":26250,"rank_3":26250,"rank_4":26250,"rank_5":26250,"rank_6":26250,"rank_7":26250,"total":210000},"generationTime":{"mean":0.5428922716249999,"rank_0":0.503347211,"rank_1":0.536160244,"rank_2":0.493855744,"rank_3":0.591103989,"rank_4":0.541995394,"rank_5":0.542301393,"rank_6":0.582538519,"rank_7":0.551835679},"simulationTime":{"broadcastGossip":{"algorithm":"BroadcastGossip","mean":2.7606165051191405,"rank_0":2.543161572,"rank_1":2.543157522,"rank_2":2.543155292,"rank_3":2.543137192,"rank_4":2.543169522,"rank_5":2.543168842,"rank_6":2.543174692,"rank_7":2.543174592},"randomizedPushGossip":{"algorithm":"RandomizedPushGossip","mean":4.282794386953125,"rank_0":4.817067302,"rank_1":4.817067302,"rank_2":4.817063462,"rank_3":4.817067422,"rank_4":4.817071102,"rank_5":4.817063892,"rank_6":4.817062782,"rank_7":4.817066862}}},"finishTime":"11:10:03","model":"knodel","nodes":8,"percentage":"15.000000","startTime":"11:09:55","totalVertexCount":"30000","verticesPerRank":3750}
