{"algorithm":"broadcastGossip","counters":{"edgeCount":{"rank_0":16250,"rank_1":16250,"rank_2":16250,"rank_3":16250,"total":65000},"generationTime":{"mean":0.30731543925,"rank_0":0.29366106,"rank_1":0.306976475,"rank_2":0.322527631,"rank_3":0.306096591},"simulationTime":{"broadcastGossip":{"algorithm":"BroadcastGossip","mean":1.1486578432031251,"rank_0":0.961104502,"rank_1":0.961105482,"rank_2":0.961109972,"rank_3":0.961107742},"randomizedPushGossip":{"algorithm":"RandomizedPushGossip","mean":1.7113081768125,"rank_0":2.179305776,"rank_1":2.179304956,"rank_2":2.179304506,"rank_3":2.179307806}}},"finishTime":"23:35:49","model":"knodel","nodes":4,"percentage":"20.000000","startTime":"23:35:45","totalVertexCount":"10000","verticesPerRank":2500}
