{"algorithm":"broadcastGossip","counters":{"edgeCount":{"rank_0":75000,"rank_1":75000,"rank_2":75000,"rank_3":75000,"total":300000},"generationTime":{"mean":1.4984213025,"rank_0":1.418671759,"rank_1":1.522463203,"rank_2":1.574550571,"rank_3":1.477999677},"simulationTime":{"broadcastGossip":{"algorithm":"BroadcastGossip","mean":17.83943266003125,"rank_0":16.467895911,"rank_1":16.467929891,"rank_2":16.467934101,"rank_3":16.467916631},"randomizedPushGossip":{"algorithm":"RandomizedPushGossip","mean":21.953950017125003,"rank_0":28.772461362,"rank_1":28.772458622,"rank_2":28.772456032,"rank_3":28.772464112}}},"finishTime":"11:20:09","model":"knodel","nodes":4,"percentage":"20.000000","startTime":"11:19:22","totalVertexCount":"40000","verticesPerRank":10000}
