{"algorithm":"broadcastGossip","counters":{"edgeCount":{"rank_0":4069,"rank_1":4069,"rank_10":4069,"rank_11":4069,"rank_12":4069,"rank_13":4069,"rank_14":4069,"rank_15":4061,"rank_2":4069,"rank_3":4069,"rank_4":4069,"rank_5":4069,"rank_6":4069,"rank_7":4069,"rank_8":4069,"rank_9":4069,"total":65096},"generationTime":{"mean":0.11025920324999999,"rank_0":0.078006446,"rank_1":0.109367951,"rank_10":0.124151054,"rank_11":0.099226651,"rank_12":0.120172144,"rank_13":0.119890603,"rank_14":0.105023799,"rank_15":0.092748128,"rank_2":0.118808297,"rank_3":0.118971858,"rank_4":0.116982888,"rank_5":0.098522857,"rank_6":0.112476326,"rank_7":0.119640142,"rank_8":0.10524929,"rank_9":0.124908818},"simulationTime":{"broadcastGossip":{"algorithm":"BroadcastGossip","mean":0.20265312350878906,"rank_0":0.184517043,"rank_1":0.184516243,"rank_10":0.184517223,"rank_11":0.184518313,"rank_12":0.184516733,"rank_13":0.184516803,"rank_14":0.184518223,"rank_15":0.184517613,"rank_2":0.184525093,"rank_3":0.184523903,"rank_4":0.184526993,"rank_5":0.184526323,"rank_6":0.184524403,"rank_7":0.184515463,"rank_8":0.184516623,"rank_9":0.184517593},"randomizedPushGossip":{"algorithm":"RandomizedPushGossip","mean":0.47465243114062494,"rank_0":0.498956767,"rank_1":0.498951807,"rank_10":0.498943947,"rank_11":0.498944637,"rank_12":0.498943697,"rank_13":0.498943917,"rank_14":0.498944757,"rank_15":0.498944537,"rank_2":0.498943797,"rank_3":0.498943947,"rank_4":0.498944067,"rank_5":0.498944717,"rank_6":0.498943877,"rank_7":0.498953067,"rank_8":0.498944647,"rank_9":0.498944277}}},"finishTime":"23:34:29","model":"knodel","nodes":16,"percentage":"10.000000","startTime":"23:34:29","totalVertexCount":"10000","verticesPerRank":625}
