{"algorithm":"broadcastGossip","counters":{"edgeCount":{"rank_0":1580607,"rank_1":1381051,"rank_10":4990250,"rank_11":2376870,"rank_12":4063793,"rank_13":3001008,"rank_14":2048329,"rank_15":3647531,"rank_2":1476920,"rank_3":1311760,"rank_4":1738970,"rank_5":3294247,"rank_6":1582647,"rank_7":2470607,"rank_8":1794333,"rank_9":4474493,"total":41233416},"generationTime":{"mean":3539.06559573675,"rank_0":3539.065589408,"rank_1":3539.065601838,"rank_10":3539.065589118,"rank_11":3539.065590378,"rank_12":3539.065602358,"rank_13":3539.065601618,"rank_14":3539.065588188,"rank_15":3539.065588428,"rank_2":3539.065601638,"rank_3":3539.065601678,"rank_4":3539.065601848,"rank_5":3539.065592608,"rank_6":3539.065590288,"rank_7":3539.065602068,"rank_8":3539.065588348,"rank_9":3539.065601978},"simulationTime":{"broadcastGossip":{"algorithm":"BroadcastGossip","mean":84.46132641070994,"rank_0":75.310535622,"rank_1":75.310536142,"rank_10":75.310535952,"rank_11":75.310535792,"rank_12":75.310536712,"rank_13":75.310536262,"rank_14":75.310535952,"rank_15":75.310535982,"rank_2":75.310535592,"rank_3":75.310535612,"rank_4":75.310536572,"rank_5":75.310536362,"rank_6":75.310535772,"rank_7":75.310536102,"rank_8":75.310536002,"rank_9":75.310536342},"randomizedPushGossip":{"algorithm":"RandomizedPushGossip","mean":221.72318142135933,"rank_0":0.566906494,"rank_1":0.567020405,"rank_10":0.567020275,"rank_11":0.567020215,"rank_12":0.567020415,"rank_13":0.567020345,"rank_14":0.567020395,"rank_15":0.567020515,"rank_2":0.567020905,"rank_3":0.567020425,"rank_4":0.567020785,"rank_5":0.567020775,"rank_6":0.567020165,"rank_7":0.567020375,"rank_8":0.567020095,"rank_9":0.567020915}}},"finishTime":"23:33:08","model":"uniform","nodes":16,"percentage":"25.000000","startTime":"22:32:53","totalVertexCount":"10000","verticesPerRank":625}
