{"algorithm":"broadcastGossip","counters":{"edgeCount":{"rank_0":16250,"rank_1":16250,"rank_2":16250,"rank_3":16250,"total":65000},"generationTime":{"mean":0.3304307405,"rank_0":0.311719316,"rank_1":0.333110001,"rank_2":0.343931544,"rank_3":0.332962101},"simulationTime":{"broadcastGossip":{"algorithm":"BroadcastGossip","mean":1.1466754624062498,"rank_0":0.982959121,"rank_1":0.982947641,"rank_2":0.982967041,"rank_3":0.982966361},"randomizedPushGossip":{"algorithm":"RandomizedPushGossip","mean":1.6378208066249997,"rank_0":2.073614602,"rank_1":2.073615782,"rank_2":2.073617032,"rank_3":2.073619672}}},"finishTime":"23:35:08","model":"knodel","nodes":4,"percentage":"15.000000","startTime":"23:35:05","totalVertexCount":"10000","verticesPerRank":2500}
