{"algorithm":"broadcastGossip","counters":{"edgeCount":{"rank_0":1876795,"rank_1":1981940,"rank_2":2064086,"rank_3":2074291,"total":7997112},"generationTime":{"mean":132.0682150835,"rank_0":132.068211721,"rank_1":132.068218701,"rank_2":132.068218671,"rank_3":132.068211241},"simulationTime":{"broadcastGossip":{"algorithm":"BroadcastGossip","mean":59.18857319078125,"rank_0":67.477860285,"rank_1":67.477860715,"rank_2":67.477863655,"rank_3":67.477862875},"randomizedPushGossip":{"algorithm":"RandomizedPushGossip","mean":34.320705518125,"rank_0":1.738173733,"rank_1":1.738202563,"rank_2":1.738202623,"rank_3":1.738201803}}},"finishTime":"18:21:13","model":"uniform","nodes":4,"percentage":"10.000000","startTime":"18:17:52","totalVertexCount":"10000","verticesPerRank":2500}
