{"algorithm":"broadcastGossip","counters":{"edgeCount":{"rank_0":17500,"rank_1":17500,"rank_2":17500,"rank_3":17500,"rank_4":17500,"rank_5":17500,"rank_6":17500,"rank_7":17500,"total":140000},"generationTime":{"mean":0.36130543337500004,"rank_0":0.321614774,"rank_1":0.354417903,"rank_2":0.348321777,"rank_3":0.358681006,"rank_4":0.385233498,"rank_5":0.403110754,"rank_6":0.39211596,"rank_7":0.326947795},"simulationTime":{"broadcastGossip":{"algorithm":"BroadcastGossip","mean":1.2592209065214846,"rank_0":1.032650308,"rank_1":1.032650248,"rank_2":1.032663978,"rank_3":1.032651388,"rank_4":1.032667778,"rank_5":1.032668028,"rank_6":1.032669278,"rank_7":1.032666538},"randomizedPushGossip":{"algorithm":"RandomizedPushGossip","mean":2.845130016171875,"rank_0":3.199964218,"rank_1":3.199961538,"rank_2":3.199960208,"rank_3":3.199963278,"rank_4":3.199960518,"rank_5":3.199965808,"rank_6":3.199959338,"rank_7":3.199964008}}},"finishTime":"11:04:16","model":"knodel","nodes":8,"percentage":"10.000000","startTime":"11:04:11","totalVertexCount":"20000","verticesPerRank":2500}
