{"algorithm":"broadcastGossip","counters":{"edgeCount":{"rank_0":16250,"rank_1":16250,"rank_2":16250,"rank_3":16250,"total":65000},"generationTime":{"mean":0.3146070245,"rank_0":0.298254193,"rank_1":0.313196217,"rank_2":0.32973533,"rank_3":0.317242358},"simulationTime":{"broadcastGossip":{"algorithm":"BroadcastGossip","mean":1.06047839134375,"rank_0":0.948009303,"rank_1":0.948013173,"rank_2":0.948016183,"rank_3":0.948013383},"randomizedPushGossip":{"algorithm":"RandomizedPushGossip","mean":1.3978708263750002,"rank_0":1.758958207,"rank_1":1.758955387,"rank_2":1.758959077,"rank_3":1.758961817}}},"finishTime":"23:33:46","model":"knodel","nodes":4,"percentage":"5.000000","startTime":"23:33:43","totalVertexCount":"10000","verticesPerRank":2500}
