{"algorithm":"broadcastGossip","counters":{"edgeCount":{"rank_0":1014839,"rank_1":1044559,"rank_2":1060727,"rank_3":1067554,"total":4187679},"generationTime":{"mean":55.485912460499996,"rank_0":55.485909883,"rank_1":55.485913123,"rank_2":55.485913313,"rank_3":55.485913523},"simulationTime":{"broadcastGossip":{"algorithm":"BroadcastGossip","mean":30.08099840134375,"rank_0":35.122621175,"rank_1":35.122623725,"rank_2":35.122624735,"rank_3":35.122623935},"randomizedPushGossip":{"algorithm":"RandomizedPushGossip","mean":14.956121210374999,"rank_0":1.446167326,"rank_1":1.446193417,"rank_2":1.446184197,"rank_3":1.446194767}}},"finishTime":"17:54:29","model":"uniform","nodes":4,"percentage":"5.000000","startTime":"17:52:57","totalVertexCount":"10000","verticesPerRank":2500}
