{"algorithm":"broadcastGossip","counters":{"edgeCount":{"rank_0":8125,"rank_1":8125,"rank_2":8125,"rank_3":8125,"rank_4":8125,"rank_5":8125,"rank_6":8125,"rank_7":8125,"total":65000},"generationTime":{"mean":0.17339371225,"rank_0":0.154156672,"rank_1":0.169544547,"rank_2":0.162163342,"rank_3":0.176869433,"rank_4":0.169298136,"rank_5":0.195183202,"rank_6":0.181804827,"rank_7":0.178129539},"simulationTime":{"broadcastGossip":{"algorithm":"BroadcastGossip","mean":0.40348540528515625,"rank_0":0.332033101,"rank_1":0.332030531,"rank_2":0.332032881,"rank_3":0.332033821,"rank_4":0.332034441,"rank_5":0.332030421,"rank_6":0.332032571,"rank_7":0.332036021},"randomizedPushGossip":{"algorithm":"RandomizedPushGossip","mean":0.90365255528125,"rank_0":1.00796292,"rank_1":1.00797582,"rank_2":1.00797478,"rank_3":1.00797469,"rank_4":1.00797794,"rank_5":1.0079719,"rank_6":1.00797583,"rank_7":1.00797577}}},"finishTime":"23:36:33","model":"knodel","nodes":8,"percentage":"25.000000","startTime":"23:36:32","totalVertexCount":"10000","verticesPerRank":1250}
