{"algorithm":"broadcastGossip","counters":{"edgeCount":{"rank_0":1344286,"rank_1":1316372,"rank_10":1708985,"rank_11":1999894,"rank_12":1649469,"rank_13":1772441,"rank_14":1866482,"rank_15":1431872,"rank_2":1304814,"rank_3":1297960,"rank_4":1298780,"rank_5":1349845,"rank_6":1943945,"rank_7":2193777,"rank_8":1560892,"rank_9":2094408,"total":26134222},"generationTime":{"mean":896.391145584,"rank_0":896.391147229,"rank_1":896.391146749,"rank_10":896.391144719,"rank_11":896.391147079,"rank_12":896.391145129,"rank_13":896.391144879,"rank_14":896.391141899,"rank_15":896.391141649,"rank_2":896.391146829,"rank_3":896.391146989,"rank_4":896.391146859,"rank_5":896.391147199,"rank_6":896.391145739,"rank_7":896.391145199,"rank_8":896.391146949,"rank_9":896.391144249},"simulationTime":{"broadcastGossip":{"algorithm":"BroadcastGossip","mean":47.45351328716407,"rank_0":46.853480462,"rank_1":46.853480242,"rank_10":46.853481402,"rank_11":46.853480562,"rank_12":46.853480632,"rank_13":46.853480732,"rank_14":46.853481252,"rank_15":46.853480832,"rank_2":46.853480732,"rank_3":46.853479902,"rank_4":46.853479872,"rank_5":46.853479852,"rank_6":46.853480772,"rank_7":46.853480672,"rank_8":46.853479292,"rank_9":46.853480702},"randomizedPushGossip":{"algorithm":"RandomizedPushGossip","mean":56.45400514462501,"rank_0":0.458070039,"rank_1":0.45819547,"rank_10":0.45819524,"rank_11":0.45819572,"rank_12":0.45819558,"rank_13":0.45819591,"rank_14":0.45819556,"rank_15":0.45819623,"rank_2":0.45819597,"rank_3":0.45819601,"rank_4":0.4581958,"rank_5":0.45819652,"rank_6":0.4581958,"rank_7":0.45819591,"rank_8":0.45819507,"rank_9":0.45819594}}},"finishTime":"18:42:10","model":"uniform","nodes":16,"percentage":"10.000000","startTime":"18:26:27","totalVertexCount":"10000","verticesPerRank":625}
