{"algorithm":"broadcastGossip","counters":{"edgeCount":{"rank_0":4069,"rank_1":4069,"rank_10":4069,"rank_11":4069,"rank_12":4069,"rank_13":4069,"rank_14":4069,"rank_15":4061,"rank_2":4069,"rank_3":4069,"rank_4":4069,"rank_5":4069,"rank_6":4069,"rank_7":4069,"rank_8":4069,"rank_9":4069,"total":65096},"generationTime":{"mean":0.11301290268750001,"rank_0":0.113124263,"rank_1":0.120483819,"rank_10":0.122598889,"rank_11":0.121959026,"rank_12":0.123415293,"rank_13":0.093139695,"rank_14":0.118372848,"rank_15":0.091953929,"rank_2":0.101665086,"rank_3":0.103462405,"rank_4":0.120066187,"rank_5":0.117821655,"rank_6":0.095157745,"rank_7":0.118013096,"rank_8":0.123647234,"rank_9":0.123325273},"simulationTime":{"broadcastGossip":{"algorithm":"BroadcastGossip","mean":0.21440410313549807,"rank_0":0.174434481,"rank_1":0.174439301,"rank_10":0.174435031,"rank_11":0.174440561,"rank_12":0.174434891,"rank_13":0.174440671,"rank_14":0.174434821,"rank_15":0.174440391,"rank_2":0.174439561,"rank_3":0.174448331,"rank_4":0.174434461,"rank_5":0.174441391,"rank_6":0.174438761,"rank_7":0.174439661,"rank_8":0.174439401,"rank_9":0.174433381},"randomizedPushGossip":{"algorithm":"RandomizedPushGossip","mean":0.8138850351679687,"rank_0":0.86061679,"rank_1":0.86060768,"rank_10":0.86060745,"rank_11":0.86060827,"rank_12":0.86060766,"rank_13":0.8606077,"rank_14":0.8606073,"rank_15":0.86060816,"rank_2":0.86062002,"rank_3":0.8606078,"rank_4":0.8606163,"rank_5":0.86060723,"rank_6":0.86061891,"rank_7":0.86060814,"rank_8":0.86060767,"rank_9":0.86060737}}},"finishTime":"23:36:35","model":"knodel","nodes":16,"percentage":"25.000000","startTime":"23:36:33","totalVertexCount":"10000","verticesPerRank":625}
