{"algorithm":"broadcastGossip","counters":{"edgeCount":{"rank_0":4069,"rank_1":4069,"rank_10":4069,"rank_11":4069,"rank_12":4069,"rank_13":4069,"rank_14":4069,"rank_15":4061,"rank_2":4069,"rank_3":4069,"rank_4":4069,"rank_5":4069,"rank_6":4069,"rank_7":4069,"rank_8":4069,"rank_9":4069,"total":65096},"generationTime":{"mean":0.11381006949999999,"rank_0":0.110893176,"rank_1":0.118230081,"rank_10":0.124810184,"rank_11":0.10983441,"rank_12":0.098374104,"rank_13":0.127386186,"rank_14":0.116591623,"rank_15":0.093823051,"rank_2":0.116443002,"rank_3":0.121054905,"rank_4":0.101202178,"rank_5":0.11604053,"rank_6":0.11808225,"rank_7":0.120466312,"rank_8":0.120813564,"rank_9":0.106915556},"simulationTime":{"broadcastGossip":{"algorithm":"BroadcastGossip","mean":0.23446948290820313,"rank_0":0.214787287,"rank_1":0.214796367,"rank_10":0.214787877,"rank_11":0.214796257,"rank_12":0.214795867,"rank_13":0.214787647,"rank_14":0.214796187,"rank_15":0.214796137,"rank_2":0.214793937,"rank_3":0.214787467,"rank_4":0.214786287,"rank_5":0.214792667,"rank_6":0.214804367,"rank_7":0.214795437,"rank_8":0.214786857,"rank_9":0.214786477},"randomizedPushGossip":{"algorithm":"RandomizedPushGossip","mean":0.5296218915312499,"rank_0":0.557350703,"rank_1":0.557340893,"rank_10":0.557340633,"rank_11":0.557341313,"rank_12":0.557341263,"rank_13":0.557339133,"rank_14":0.557341223,"rank_15":0.557341293,"rank_2":0.557341003,"rank_3":0.557350063,"rank_4":0.557349353,"rank_5":0.557340393,"rank_6":0.557341703,"rank_7":0.557349513,"rank_8":0.557340903,"rank_9":0.557341513}}},"finishTime":"23:35:11","model":"knodel","nodes":16,"percentage":"15.000000","startTime":"23:35:10","totalVertexCount":"10000","verticesPerRank":625}
