{"algorithm":"broadcastGossip","counters":{"edgeCount":{"rank_0":16250,"rank_1":16250,"rank_2":16250,"rank_3":16250,"total":65000},"generationTime":{"mean":0.31798087775,"rank_0":0.30504249,"rank_1":0.326223313,"rank_2":0.341013655,"rank_3":0.299644053},"simulationTime":{"broadcastGossip":{"algorithm":"BroadcastGossip","mean":1.451785113046875,"rank_0":0.973614493,"rank_1":0.973619283,"rank_2":0.973627673,"rank_3":0.973627773},"randomizedPushGossip":{"algorithm":"RandomizedPushGossip","mean":2.8862657231875,"rank_0":3.742360705,"rank_1":3.742358365,"rank_2":3.742362655,"rank_3":3.742360995}}},"finishTime":"23:36:31","model":"knodel","nodes":4,"percentage":"25.000000","startTime":"23:36:26","totalVertexCount":"10000","verticesPerRank":2500}
