{"algorithm":"broadcastGossip","counters":{"edgeCount":{"rank_0":979030,"rank_1":993094,"rank_2":984526,"rank_3":1013832,"rank_4":1048313,"rank_5":1078571,"rank_6":1075918,"rank_7":1074390,"total":8247674},"generationTime":{"mean":94.1153153285,"rank_0":94.115315536,"rank_1":94.115317136,"rank_2":94.115313366,"rank_3":94.115315046,"rank_4":94.115316116,"rank_5":94.115317736,"rank_6":94.115313046,"rank_7":94.115314646},"simulationTime":{"broadcastGossip":{"algorithm":"BroadcastGossip","mean":22.907460394773437,"rank_0":24.324081115,"rank_1":24.324080885,"rank_2":24.324081205,"rank_3":24.324080465,"rank_4":24.324081345,"rank_5":24.324081395,"rank_6":24.324081235,"rank_7":24.324081055},"randomizedPushGossip":{"algorithm":"RandomizedPushGossip","mean":12.9911155731875,"rank_0":1.401944811,"rank_1":1.401944141,"rank_2":1.401944481,"rank_3":1.401943421,"rank_4":1.401944681,"rank_5":1.401944131,"rank_6":1.401944091,"rank_7":1.401944311}}},"finishTime":"17:56:29","model":"uniform","nodes":8,"percentage":"5.000000","startTime":"17:54:29","totalVertexCount":"10000","verticesPerRank":1250}
