{"algorithm":"broadcastGossip","counters":{"edgeCount":{"rank_0":1882733,"rank_1":1655900,"rank_10":3367672,"rank_11":2623078,"rank_12":3786212,"rank_13":1903563,"rank_14":4123751,"rank_15":3349982,"rank_2":1741484,"rank_3":1622035,"rank_4":1572850,"rank_5":1738505,"rank_6":1746775,"rank_7":2210534,"rank_8":2778877,"rank_9":1889099,"total":37993050},"generationTime":{"mean":2215.3746668599997,"rank_0":2215.374667745,"rank_1":2215.374667665,"rank_10":2215.374668595,"rank_11":2215.374669175,"rank_12":2215.374667155,"rank_13":2215.374663615,"rank_14":2215.374667685,"rank_15":2215.374663855,"rank_2":2215.374668575,"rank_3":2215.374667805,"rank_4":2215.374667935,"rank_5":2215.374667675,"rank_6":2215.374667665,"rank_7":2215.374665285,"rank_8":2215.374663635,"rank_9":2215.374665695},"simulationTime":{"broadcastGossip":{"algorithm":"BroadcastGossip","mean":73.17927438055077,"rank_0":68.803850454,"rank_1":68.803850294,"rank_10":68.803850194,"rank_11":68.803850934,"rank_12":68.803851184,"rank_13":68.803850134,"rank_14":68.803850094,"rank_15":68.803850584,"rank_2":68.803850114,"rank_3":68.803850234,"rank_4":68.803850994,"rank_5":68.803851104,"rank_6":68.803849634,"rank_7":68.803850494,"rank_8":68.803850434,"rank_9":68.803850844},"randomizedPushGossip":{"algorithm":"RandomizedPushGossip","mean":138.81063281881248,"rank_0":0.373031,"rank_1":0.37303087,"rank_10":0.37303083,"rank_11":0.3730301,"rank_12":0.37303031,"rank_13":0.37303012,"rank_14":0.37303093,"rank_15":0.3730302,"rank_2":0.37303085,"rank_3":0.37303074,"rank_4":0.37303043,"rank_5":0.37303037,"rank_6":0.373031801,"rank_7":0.37303031,"rank_8":0.37303008,"rank_9":0.3730303}}},"finishTime":"21:23:24","model":"uniform","nodes":16,"percentage":"20.000000","startTime":"20:45:20","totalVertexCount":"10000","verticesPerRank":625}
