{"algorithm":"broadcastGossip","counters":{"edgeCount":{"rank_0":2610428,"rank_1":2823272,"rank_2":3004627,"rank_3":3032486,"total":11470813},"generationTime":{"mean":224.34989631800002,"rank_0":224.349894223,"rank_1":224.349896233,"rank_2":224.349897693,"rank_3":224.349897123},"simulationTime":{"broadcastGossip":{"algorithm":"BroadcastGossip","mean":87.028700169125,"rank_0":96.925930296,"rank_1":96.925937496,"rank_2":96.925940126,"rank_3":96.925936246},"randomizedPushGossip":{"algorithm":"RandomizedPushGossip","mean":57.3369868085,"rank_0":1.665985861,"rank_1":1.666016232,"rank_2":1.666017432,"rank_3":1.666017252}}},"finishTime":"19:10:04","model":"uniform","nodes":4,"percentage":"15.000000","startTime":"19:04:41","totalVertexCount":"10000","verticesPerRank":2500}
