{"algorithm":"broadcastGossip","counters":{"edgeCount":{"rank_0":3744039,"rank_1":4252513,"rank_2":4711729,"rank_3":4821987,"total":17530268},"generationTime":{"mean":468.65946772449996,"rank_0":468.659465432,"rank_1":468.659467272,"rank_2":468.659469072,"rank_3":468.659469122},"simulationTime":{"broadcastGossip":{"algorithm":"BroadcastGossip","mean":135.28428116296874,"rank_0":140.820203447,"rank_1":140.820214637,"rank_2":140.820210777,"rank_3":140.820209207},"randomizedPushGossip":{"algorithm":"RandomizedPushGossip","mean":118.67649003087499,"rank_0":2.015469793,"rank_1":2.015497533,"rank_2":2.015497643,"rank_3":2.015497223}}},"finishTime":"22:12:39","model":"uniform","nodes":4,"percentage":"25.000000","startTime":"22:02:28","totalVertexCount":"10000","verticesPerRank":2500}
