{"algorithm":"broadcastGossip","counters":{"edgeCount":{"rank_0":3007264,"rank_1":2966414,"rank_2":2987695,"rank_3":3318938,"rank_4":3810714,"rank_5":3984658,"rank_6":4569740,"rank_7":4397922,"total":29043345},"generationTime":{"mean":1128.2258817145,"rank_0":1128.225884477,"rank_1":1128.225881467,"rank_2":1128.225882987,"rank_3":1128.225878917,"rank_4":1128.225882787,"rank_5":1128.225881397,"rank_6":1128.225879167,"rank_7":1128.225882517},"simulationTime":{"broadcastGossip":{"algorithm":"BroadcastGossip","mean":91.77340203553905,"rank_0":84.613447564,"rank_1":84.613446534,"rank_2":84.613446914,"rank_3":84.613446364,"rank_4":84.613447144,"rank_5":84.613446244,"rank_6":84.613446954,"rank_7":84.613447204},"randomizedPushGossip":{"algorithm":"RandomizedPushGossip","mean":141.8930889263125,"rank_0":0.988404438,"rank_1":0.988405078,"rank_2":0.988403498,"rank_3":0.988404388,"rank_4":0.988403548,"rank_5":0.988404868,"rank_6":0.988404388,"rank_7":0.988403928}}},"finishTime":"22:32:53","model":"uniform","nodes":8,"percentage":"25.000000","startTime":"22:12:39","totalVertexCount":"10000","verticesPerRank":1250}
