{"algorithm":"broadcastGossip","counters":{"edgeCount":{"rank_0":3226335,"rank_1":3579635,"rank_2":3880275,"rank_3":3950468,"total":14636713},"generationTime":{"mean":337.2015111045,"rank_0":337.201506837,"rank_1":337.201510697,"rank_2":337.201513477,"rank_3":337.201513407},"simulationTime":{"broadcastGossip":{"algorithm":"BroadcastGossip","mean":112.72497282596873,"rank_0":121.759146558,"rank_1":121.759151578,"rank_2":121.759154418,"rank_3":121.759149898},"randomizedPushGossip":{"algorithm":"RandomizedPushGossip","mean":85.622435409875,"rank_0":1.762713105,"rank_1":1.762742755,"rank_2":1.762743975,"rank_3":1.762743805}}},"finishTime":"20:30:54","model":"uniform","nodes":4,"percentage":"20.000000","startTime":"20:23:13","totalVertexCount":"10000","verticesPerRank":2500}
