{"algorithm":"broadcastGossip","counters":{"edgeCount":{"rank_0":2274785,"rank_1":2291345,"rank_2":2273117,"rank_3":2415183,"rank_4":2651107,"rank_5":2794664,"rank_6":3012343,"rank_7":2905596,"total":20618140},"generationTime":{"mean":514.7838537790001,"rank_0":514.783854837,"rank_1":514.783855487,"rank_2":514.783855777,"rank_3":514.783851126,"rank_4":514.783853966,"rank_5":514.783854016,"rank_6":514.783854597,"rank_7":514.783850426},"simulationTime":{"broadcastGossip":{"algorithm":"BroadcastGossip","mean":61.19177408717187,"rank_0":60.6310421,"rank_1":60.63104191,"rank_2":60.63104188,"rank_3":60.63104198,"rank_4":60.63104154,"rank_5":60.63104188,"rank_6":60.63104201,"rank_7":60.63104176},"randomizedPushGossip":{"algorithm":"RandomizedPushGossip","mean":65.116899737375,"rank_0":0.87876361,"rank_1":0.87876445,"rank_2":0.87876409,"rank_3":0.87876277,"rank_4":0.87876266,"rank_5":0.87876292,"rank_6":0.87876461,"rank_7":0.87876262}}},"finishTime":"19:19:40","model":"uniform","nodes":8,"percentage":"15.000000","startTime":"19:10:04","totalVertexCount":"10000","verticesPerRank":1250}
