{"algorithm":"broadcastGossip","counters":{"edgeCount":{"rank_0":1655987,"rank_1":1647387,"rank_10":2300688,"rank_11":3156164,"rank_12":2583131,"rank_13":2141809,"rank_14":2974637,"rank_15":2329826,"rank_2":1613518,"rank_3":1510668,"rank_4":1564806,"rank_5":1686646,"rank_6":1709794,"rank_7":1797580,"rank_8":1771269,"rank_9":2765018,"total":33208928},"generationTime":{"mean":1867.05767011425,"rank_0":1867.057671853,"rank_1":1867.057673533,"rank_10":1867.057668643,"rank_11":1867.057667783,"rank_12":1867.057668023,"rank_13":1867.057668063,"rank_14":1867.057671443,"rank_15":1867.057667873,"rank_2":1867.057671623,"rank_3":1867.057669103,"rank_4":1867.057671343,"rank_5":1867.057671483,"rank_6":1867.057671643,"rank_7":1867.057671203,"rank_8":1867.057667463,"rank_9":1867.057670753},"simulationTime":{"broadcastGossip":{"algorithm":"BroadcastGossip","mean":62.62507937986035,"rank_0":58.973567717,"rank_1":58.973567417,"rank_10":58.973565897,"rank_11":58.973566147,"rank_12":58.973566037,"rank_13":58.973565927,"rank_14":58.973567267,"rank_15":58.973566357,"rank_2":58.973567607,"rank_3":58.973566317,"rank_4":58.973567187,"rank_5":58.973567837,"rank_6":58.973567257,"rank_7":58.973567157,"rank_8":58.973566107,"rank_9":58.973566317},"randomizedPushGossip":{"algorithm":"RandomizedPushGossip","mean":117.39776924276562,"rank_0":0.7537761,"rank_1":0.75377603,"rank_10":0.75377569,"rank_11":0.75377596,"rank_12":0.75377583,"rank_13":0.75377551,"rank_14":0.75377574,"rank_15":0.75377599,"rank_2":0.75377593,"rank_3":0.75377587,"rank_4":0.75377617,"rank_5":0.75377601,"rank_6":0.75377576,"rank_7":0.75377575,"rank_8":0.75377558,"rank_9":0.75377595}}},"finishTime":"19:51:47","model":"uniform","nodes":16,"percentage":"15.000000","startTime":"19:19:40","totalVertexCount":"10000","verticesPerRank":625}
